Title,Url,Date,Description
The thin line between cocaine and violence,https://www.france24.com/en/20071228-Reporters-colombia-bogota-farc-cocaine-drug-violence,28-Dec-07,"Cocaine has become a currency in south Colombia, and violence a common language. FRANCE 24 investigates (Report: R. Langlois, P. Mariani)"
Policing in Belfast,https://www.france24.com/en/20071228-policing-belfast-northern-ireland,28-Dec-07,"After Sinn Fein's recognition of the Police Service in January, the service will be assigned a new name, new uniforms and 50 per cent of the force will comprise of Catholics. (Report: E.Irvine)"
"State of the nation, post-Bhutto",https://www.france24.com/en/20071228-state-nation-post-bhutto-,28-Dec-07,"The untimely death of former Pakistani Prime Minister Benazir Bhutto has plunged the nuclear-armed Muslim nation into a deep political crisis as her political party grapples to find a new chief and the Pakistani people, another beacon of hope."
Benazir Bhutto assassinated,https://www.france24.com/en/20071227-benazir-bhutto-assassinated-pakistan,27-Dec-07,"Former Pakistani prime minister Benazir Bhutto was killed in a suicide attack following a political rally in Rawalpindi, plunging the country into political crisis. (Report: J. Creedon)"
World leaders condemn Bhutto killing,https://www.france24.com/en/20071227-world-leaders-condemn-bhutto-killing-bhutto-assassination,27-Dec-07,"World leaders have spoken out against the assassination of Pakistani opposition leader Benazir Bhutto, with United States, India, Russia, France, Great Britain and the Vatican condemning the attack as 'abominable.'"
Video footage shows Ingrid Betancourt alive,https://www.france24.com/en/20071224-video-footage-shows-ingrid-betancourt-alive-colombia,24-Dec-07,"Footage seized from FARC rebels shows Ingrid Betancourt thin, drawn, but alive."
Bringing home the overseas vote,https://www.france24.com/en/20071224-bringing-home-overseas-vote-us-presidential-elections,24-Dec-07,"Overlooked, politically underrepresented and frequently disregarded, US citizens abroad want their voices – and their votes – heard."
Illegal immigration dominates debate,https://www.france24.com/en/20071224-illegal-immigration-dominates-debate-usa-gop-debate,24-Dec-07,"Republican presidential hopefuls exchanged blows Nov. 28 on immigration, religion, and gun control during a debate in St. Petersburg, Fla."
Entrevista exclusiva con Hugo Chávez,https://www.france24.com/en/20071224-entrevista-exclusiva-con-hugo-ch%C3%A1vez-exclusividad-france-24,24-Dec-07,"Desde finales de agosto, el presidente venezolano trabaja de mediador entre la guerrilla colombiana (FARC) y el gobierno colombiano. Esperado en Paris el 20 de noviembre, Hugo Chávez dió una entrevista exclusiva a FRANCE 24."
Obama ahead of Clinton in polls,https://www.france24.com/en/20071224-obama-ahead-clinton-polls-usa-2008-elections,24-Dec-07,"In an ABC News/Washington Post poll released late Monday, Obama led with 30 percent among Democrats likely to attend the caucus nominating contest in Iowa, the first big hurdle in the party nominating process."
Obama goes on the offensive,https://www.france24.com/en/20071224-obama-goes-offensive-usa-2008-elections,24-Dec-07,"US Senator Barack Obama openly criticised Senator Hillary Clinton, his rival for the democratic presidential nomination, saying that her vote labelling the Iranian Revolutionary Guard a terrorist organisation could be used as an excuse for war."
Ingrid Betancourt: a profile,https://www.france24.com/en/20071224-ingrid-betancourt-profile-betancourt-liberation,24-Dec-07,Ingrid Betancourt: the "Colombian Joan of Arc".
FARC order release of Betancourt aide,https://www.france24.com/en/20071224-farc-order-release-betancourt-aide-colombia-farc,24-Dec-07,"The Revolutionary Armed Forces of Colombia (FARC) announced the release of three hostages, including Clara Rojas, the former campaign manager of fellow hostage Ingrid Betancourt. (Report: S. Barden)"
French wine industry in the red,https://www.france24.com/en/20071223-french-wine-industry-red-,22-Dec-07,"The French share of global wine sales has been in the red for years, as France has seen a steady erosion of its dominant market position."
The thin line between cocaine and violence,https://www.france24.com/en/20071221-thin-line-between-cocaine-violence-reporters,21-Dec-07,"Cocaine has become a currency in south Colombia, and violence a common language. FRANCE 24 investigates (Report: R.Langlois, P. Mariani)"
The ruins of Mogadishu,https://www.france24.com/en/20071221-ruins-mogadishu-,21-Dec-07,"After 17 years of civil war, Somalia's capital Mogadishu is fast becoming a ghost town. FRANCE 24's cameras take us inside the city. (Report: F. Berruyer)"
Kosovar Serbs protest Kosovo's independence,https://www.france24.com/en/20071218-kosovar-serbs-protest-kosovos-independence-kosovo-serbia,18-Dec-07,Kosovar Serbs took to the streets in Mitrovica today to protest against the imminent independence of Kosovo ahead of a UN Security Council meeting on the status of the Serbian province.
Castro's announcement timed deliberately?,https://www.france24.com/en/20071218-castros-announcement-timed-deliberately-three-questions,18-Dec-07,"Fidel Castro has hinted at possible retirement. Scroll down to read an analysis by Jeannette Habel, specialist on Cuba."
Musharraf ends emergency rule,https://www.france24.com/en/20071215-musharraf-ends-emergency-rule-pakistan,15-Dec-07,Pakistani president Pervez Musharraf lifted the national state of emergency on Saturday. This comes on the heels of a suicide bomb that killed 5 in the northwest of the country.
"Bhutto, Sharif target Musharraf",https://www.france24.com/en/20071213-bhutto-sharif-target-musharraf-pakistan,13-Dec-07,"Former Prime Ministers Benazir Bhutto and Nawaz Sharif have hit the presidential campaign trail. They are concentrating their fire on the incumbent president, Pervez Musharraf. (Report: N. Rushworth)"
Losing ground in the genetic revolution,https://www.france24.com/en/20071212-losing-ground-genetic-revolution-,11-Dec-07,"Genetically modified crops: danger, menace or opportunity? Politicians, researchers and GM industrials are discussing GM crops in France."
Uribe agrees to 'meeting zone' for hostage talks,https://www.france24.com/en/20071209-uribe-agrees-meeting-zone-hostage-talks-colombia,9-Dec-07,Colombian President Alvaro Uribe agrees to create a demilitarized "meeting zone" to enable talks on a hostage-swap with Marxist FARC rebels.
Presidential vote delayed until Dec. 11,https://www.france24.com/en/20071207-presidential-vote-delayed-until-dec-11-lebanese-elections,7-Dec-07,The parliamentary vote for a new Lebanese president has been postponed for the seventh time.
Life after Guantanamo,https://www.france24.com/en/20071207-life-after-guantanamo-reporters,7-Dec-07,"Saudi Arabia tests a rehabilitation centre for former Guantanamo detainees and jihadist fighters. (Report: Alaa al-Hathloul, Johan Bodin)"
Presidential vote delayed until Dec. 11,https://www.france24.com/en/20071207-presidential-vote-delayed-until-dec-11-lebanese-elections,6-Dec-07,The parliamentary vote for a new Lebanese president has been postponed for the seventh time.
Supermarkets in India - will they work?,https://www.france24.com/en/20071206-supermarkets-india-will-they-work-india-retailing,6-Dec-07,"Big supermarket chains – foreign and domestic – are taking aim at the Indian market: India’s growing middle class. But in a land where freshness is king, will it work?"
FARC rebels warn Sarkozy against criticism,https://www.france24.com/en/20071206-farc-rebels-warn-sarkozy-against-criticism-colombia-france,6-Dec-07,Colombian guerrillas told French President Nicolas Sarkozy on Thursday to stop criticizing them if he hopes to gain the release of hostages including French-Colombian politician Ingrid Betancourt.
Ask our correspondent,https://www.france24.com/en/20071206-ask-correspondent-interactivity,6-Dec-07,What is the meaning of the rebellion led by Tutsi former General Laurent Nkunda? What role does Rwanda play in this conflict? France 24's correspondent Arnaud Zajtman in North-Kivu responds.
The rape of Kivu,https://www.france24.com/en/20071206-rape-kivu-france-24-report,6-Dec-07,"Since the start of the year 1,400 women have been raped in the North Kivu region, according to the UN, and a third of them were underage.  (Report: A. Zajtman)"
Army retakes rebels stronghold,https://www.france24.com/en/20071206-army-retakes-rebels-stronghold-news,6-Dec-07,"The Congolese army has retaken Mushake, in eastern Congo, a strategic village that was serving as the headquarters of Laurent Nkunda."
Supermarkets in India - will they work?,https://www.france24.com/en/20071206-supermarkets-india-will-they-work-,6-Dec-07,"Big supermarket chains – foreign and domestic – are taking aim at the Indian market: India’s growing middle class. But in a land where freshness is king, will it work?"
Ingrid Betancourt's letter,https://www.france24.com/en/20071205-ingrid-betancourts-letter-colombia-france,5-Dec-07,Ingrid Betancourt's relatives have released large extracts from the 12-page letter they received from the French-Colombian hostage on Friday. You can read the original French text below.
A leader of the Burmese resistance,https://www.france24.com/en/20071205-leader-burmese-resistance-burma,5-Dec-07,"Last September, the Burmese people, led by a legion of Buddhist monks, defied the military junta. We meet one of their leaders, who has been on the run for two months, in a secret sanctuary on the Thai-Burmese border. (Report: C. Payen)"
The man who could be president,https://www.france24.com/en/20071201-man-who-could-be-president-lebanon,1-Dec-07,"As the Lebanese Parliament continues postponing the vote to elect a new president, army chief Michel Sleiman has emerged as the likely candidate for the presidency."
Suleiman backed for Lebanese presidency,https://www.france24.com/en/20071202-suleiman-backed-lebanese-presidency-lebanon,1-Dec-07,Lebanon's Western-backed governing majority has announced that it will back army chief General Michel Suleiman as a compromise candidate for the vacant presidency.
Pro-Hezbollah sit-in: first anniversary,https://www.france24.com/en/20071202-pro-hezbollah-sit-first-anniversary-lebanon-hezbollah,1-Dec-07,Hundreds of Hezbollah supporters in Beirut on Saturday marked the first anniversary of their open-ended sit-in to bring down the government. (Report: S. Barden)
The man who could be president,https://www.france24.com/en/20071201-man-who-could-be-president-lebanon,30-Nov-07,"As the Lebanese Parliament continues postponing the vote to elect a new president, army chief Michel Sleiman has emerged as the likely candidate for the presidency."
A glimmer of hope for Lebanon,https://www.france24.com/en/20071130-glimmer-hope-lebanon-top-story,30-Nov-07,"The political vacuum in Lebanon may soon be filled. Chief Army General Michel Suleiman has emerged as the front-runner for the presidency, after the largest bloc in the Lebanese parliament decided to drop its veto."
Delusion of Zoe's Ark,https://www.france24.com/en/20071130-delusion-zoes-ark-reporters,30-Nov-07,"Stopped from bringing back over 100 children from Darfur, whom they claimed were orphans, six charity members now risk 20 years of forced labour in Chad."
A glimmer of hope for Lebanon,https://www.france24.com/en/20071130-glimmer-hope-lebanon-top-story,29-Nov-07,"The political vacuum in Lebanon may soon be filled. Chief Army General Michel Suleiman has emerged as the front-runner for the presidency, after the largest bloc in the Lebanese parliament decided to drop its veto."
Two candidates emerge from Lebanon deadlock,https://www.france24.com/en/20071127-two-candidates-emerge-lebanon-deadlock-lebanon,26-Nov-07,Lebanon's presidential election was delayed again as rival political factions failed to agree on a new president. Leading candidates today are Michel Edde and Robert Ghanem.
Lebanon faces presidential void,https://www.france24.com/en/20071123-lebanon-faces-presidential-void-lebanon-elections,23-Nov-07,"Lebanon's ruling coalition has will vote to elect a new head of state, while the Hezbollah-led opposition may boycott. Chances of reaching a consensus are dwindling before election deadline at midnight. (Report: C. Casali)"
The human face of the lending crisis,https://www.france24.com/en/20071123-human-face-lending-crisis-reporters,23-Nov-07,"As investors continue to worry about the sub-prime lending crisis, millions of ordinary Americans are feeling the punch. (Report: S.Claudet, H.Frade)"
Lebanon faces presidential void,https://www.france24.com/en/20071123-lebanon-faces-presidential-void-lebanon-elections,22-Nov-07,"Lebanon's ruling coalition has will vote to elect a new head of state, while the Hezbollah-led opposition may boycott. Chances of reaching a consensus are dwindling before election deadline at midnight. (Report: C. Casali)"
Patriarch submits list of presidential candidates,https://www.france24.com/en/20071116-patriarch-submits-list-presidential-candidates-lebanon,16-Nov-07,The parliament speaker and the head of the majority started mulling over Nasrallah Sfeir's list of potential candidates to take over for Syrian-backed President Emil Lahoud on Nov 21.
Meeting Abu Tayeb,https://www.france24.com/en/20071116-meeting-abu-tayeb-reporters,16-Nov-07,"In the heart of Taliban-controlled Afghanistan, FRANCE 24's Claire Billet meets Abu Tayeb, a Taliban special brigade commander. (13 min. report)"
The shady business of football,https://www.france24.com/en/20071117-shady-business-football-,16-Nov-07,"Fixed games, durty money, corruption... Is football drifting into mafia business?"
Patriarch submits list of presidential candidates,https://www.france24.com/en/20071116-patriarch-submits-list-presidential-candidates-lebanon,15-Nov-07,The parliament speaker and the head of the majority started mulling over Nasrallah Sfeir's list of potential candidates to take over for Syrian-backed President Emil Lahoud on Nov 21.
Lebanese presidential election postponed,https://www.france24.com/en/20071115-lebanese-presidential-election-postponed-lebanon,15-Nov-07,"The presidential election, initially scheduled for Nov. 12, will be delayed until Nov. 21. The paliamentary session to elect a president has already been postponed twice."
F24 exclusive interview with Hugo Chavez,https://www.france24.com/en/20071115-f24-exclusive-interview-with-hugo-chavez-special-coverage,15-Nov-07,Venezuelan President Hugo Chavez spoke to FRANCE 24's Pascale Mariani and Roméo Langlois about his negotiations with FARC leaders on the release of hostages.
Heading towards an institutional void,https://www.france24.com/en/20071114-heading-towards-institutional-void-lebanon,14-Nov-07,The Lebanese are holding their breath. The country is anticipating with dread the crucial date of November 21 - the date of the upcoming elections.
Lebanese presidential election postponed,https://www.france24.com/en/20071115-lebanese-presidential-election-postponed-lebanon,14-Nov-07,"The presidential election, initially scheduled for Nov. 12, will be delayed until Nov. 21. The paliamentary session to elect a president has already been postponed twice."
Kouchner visits Beirut,https://www.france24.com/en/20071112-kouchner-visits-beirut-france-lebanon,11-Nov-07,French Foreign Minister Bernard Kouchner travelled to Beirut on Monday to urge Lebanese parties to come to an agreement ahead of the presidential election scheduled for Nov. 21st.
Ten days inside Iraqi Kurdistan,https://www.france24.com/en/20071109-ten-days-inside-iraqi-kurdistan-reporters,9-Nov-07,"With 100,000 Turkish troops massing near the border, Iraq’s Kurds find themselves once again at the centre of international tension. (Report: L. Menget and F. Berruyer)"
Bhutto braves police - unsuccessfully,https://www.france24.com/en/20071109-bhutto-braves-police-unsuccessfully-news-page-model,9-Nov-07,Police in the Pakistani capital of Islamabad prevented opposition leader Benazir Bhutto's car from leaving her residence to lead a mass rally protesting President Musharraf's declaration of emergency.
"Suu Kyi meets democracy party, first time in 3 years",https://www.france24.com/en/20071109-suu-kyi-meets-democracy-party-first-time-3-years-burma,9-Nov-07,"Detained Burma opposition leader Aung San Suu Kyi met the leaders of her National League for Democracy party for the first time in three years on Friday, amid hopes that talks with the junta may start soon."
UN chief wants extra choppers for Darfur team,https://www.france24.com/en/20071108-un-chief-wants-extra-choppers-darfur-team-sudan-darfur-un,8-Nov-07,"UN Secretary General Ban Ki-moon has called for extra transport and helicopters for the UN-AU peacekeeping force for Darfur, while waiting for final approval for the deployment from the Sudanese government."
Gambari: door open for "substantive dialogue",https://www.france24.com/en/20071108-gambari-door-open-substantive-dialogue-burma,8-Nov-07,"UN special envoy Ibrahim Gambari says a path to ""substantive dialogue"" between Burma's junta and detained opposition leader Aung San Suu Kyi is now open, at the end of his six-day visit to the country."
Data under scrutiny,https://www.france24.com/en/20071104-data-under-scrutiny-data,3-Nov-07,"Since 9/11, European airlines and banks share information on their customers with US. Some say that the US is using this data in an economic war against Europe."
Afghanistan: fearless under fire,https://www.france24.com/en/20071102-afghanistan-fearless-under-fire-reporters-afghanistan,2-Nov-07,FRANCE 24's Nicolas Ransom and Mathieu Mabin spent a fortnight following the French commandos in Afghanistan.
Burma releases 46 prisoners ahead of UN visit,https://www.france24.com/en/20071102-burma-releases-46-prisoners-ahead-un-visit-burma,2-Nov-07,"Burmese authorities have released 46 prisoners originally arrested during the unrest in August and September, ahead of UN envoy Ibrahim Gambari's visit to the country on Saturday."
Burma releases 46 prisoners ahead of UN visit,https://www.france24.com/en/20071102-burma-releases-46-prisoners-ahead-un-visit-burma,1-Nov-07,"Burmese authorities have released 46 prisoners originally arrested during the unrest in August and September, ahead of UN envoy Ibrahim Gambari's visit to the country on Saturday."
200 monks demonstrate in Burma,https://www.france24.com/en/20071031-200-monks-demonstrate-burma-burma,30-Oct-07,"Approximately 200 monks have staged a protest in Pakkoku, central Burma, the first such protest since the military government's brutal repression of the pro-democracy movement last month."
Darfur lawyer wins European rights prize,https://www.france24.com/en/20071025-darfur-lawyer-wins-european-rights-prize-sudan,25-Oct-07,Sudanese lawyer Salih Mahmoud Osman has received the prestigious Sakharov Prize for his defence of human rights. Osman has provided free legal aid to victims in his country for more than two decades.
Are Arab economies on the march?,https://www.france24.com/en/20071024-are-arab-economies-march-,23-Oct-07,Arab companies seem to have problems as none of them are among the world top 100.
Presidential vote delayed in Lebanon,https://www.france24.com/en/20071022-presidential-vote-delayed-lebanon-lebanon-presidential-election,22-Oct-07,Lawmakers from the ruling coalition and the Hezbollah-led opposition have until November 24 to pick a candidate to succeed the current pro-Syrian head of state Emile Lahoud.
The flight of civilians continues,https://www.france24.com/en/20071022-flight-civilians-continues-democratic-republic-congo,22-Oct-07,
The Saffron Revolution on hold,https://www.france24.com/en/20071019-saffron-revolution-hold-reporters-burma,19-Oct-07,FRANCE 24's Lucas Menget gives an inside report on Buddhist monks in Burma sent into hiding by the military government's crackdown.
Vying for the elections,https://www.france24.com/en/20071016-vying-elections-portraits,16-Oct-07,Maronite Christians from both sides of the political divide in Lebanon are running for presidency.
Bahout: "Chances of a compromise are slim",https://www.france24.com/en/20071017-bahout-chances-compromise-are-slim-lebanese-elections,16-Oct-07,"Joseph Bahout, expert on Middle East politics, explains why chances of reaching a compromise over a possible candidate are slim."
Clashes continue in DR Congo,https://www.france24.com/en/20071012-clashes-continue-dr-congo-democratic-republic-congo,12-Oct-07,"Fighting continued near Mushaki in the Democratic Republic of Congo's Nord-Kivu province after the army pushed in vain to try to take a town back from a renegade former general, the military said."
Crackdown in the heart of Burma,https://www.france24.com/en/20071012-crackdown-heart-burma-france-24-exclusive-burma,12-Oct-07,"In November 2008, the Association of International Broadcasting (AIB) awarded two prizes to France 24: for reporting in Burma in October 2007 by Cyril Payen, Solomon Kane and Paul Rush and for our multimedia approach to news coverage."
In a rebel-held village,https://www.france24.com/en/20071011-rebel-held-village-france-24-report,11-Oct-07,Mushake is a small town in the mountains of Eastern Congo. It is controlled by the rebel general Laurent Nkunda. (Report: A.Zajtman)
Official press tries to discredit monks,https://www.france24.com/en/20071010-official-press-tries-discredit-monks-burma-press,9-Oct-07,"Two weeks after the Burmese government cracked down on demonstrators, the country's state-run press is finally talking about the protests - calling the monks impostors and pornographers."
Burma in shock after repression,https://www.france24.com/en/20071008-burma-shock-after-repression-burma-france-24-exclusive,8-Oct-07,"A week after Burma's ruling junta cracked down on nationwide protests, people are still in shock. Most monks are in hiding, and the streets of Rangoon are deserted."
Life in restive Peshawar,https://www.france24.com/en/20071006-life-restive-peshawar-pakistan,6-Oct-07,France 24's Franck Berruyer and Laure de Matos travelled for ten days between Peshwar and Islamabad covering the restive North West Frontier Province.
A sinister spy story,https://www.france24.com/en/20071006-sinister-spy-story-pakistan,6-Oct-07,"Pakistan's secretive ISI is one of the world's best-known, little-known spy agencies. But can it control the Frankenstein monsters it has nurtured?"
Brazil: the new agricultural force,https://www.france24.com/en/20071006-brazil-new-agricultural-force-,6-Oct-07,"Brazil has emerged as the new great agricultural power. The country has gained market shares as a producer of cotton, sugar, soy, and tobacco. And it's not about to stop - currently Brazil uses only eight per cent of its land for agriculture."
"Mai Mai, a new militia in North Kivu",https://www.france24.com/en/20071005-mai-mai-new-militia-north-kivu-democratic-republic-congo,5-Oct-07,A new mysterious group that calls itself "Mai Mai" has taken up arms and struck new alliances against the troops of dissident General Laurent Nkunda. (Report: A. Zajtman)
Brazil: the new agricultural force,https://www.france24.com/en/20071006-brazil-new-agricultural-force-,5-Oct-07,"Brazil has emerged as the new great agricultural power. The country has gained market shares as a producer of cotton, sugar, soy, and tobacco. And it's not about to stop - currently Brazil uses only eight per cent of its land for agriculture."
Is Musharraf in the hot seat?,https://www.france24.com/en/20071004-musharraf-hot-seat-pakistan,4-Oct-07,"With the rise of islamist extremism, opposition by Pakistani judges and public dissatisfaction with the ""war on terror"", Pervez Musharraf is getting more unpopular every day."
"Musharraf, Bhutto sign power-share deal",https://www.france24.com/en/20071004-musharraf-bhutto-sign-power-share-deal-pakistan,4-Oct-07,Pakistan's Supreme Court throws President Musharraf's re-election bid into doubt a day after Musharraf's power-sharing agreement with ex-PM Benazir Bhutto.
Burma: junta releases over 200 monks and nuns,https://www.france24.com/en/20071003-burma-junta-releases-over-200-monks-and-nuns-burma-unrest,2-Oct-07,"More than 200 monks and nuns were released in the early hours of Wednesday, saying that they were subjected to verbal, not physical, abuse during their interrogations. (Report: L. Kammourieh)"
Al-Rachid: 'the US have tried everything',https://www.france24.com/en/20071001-al-rachid-us-have-tried-everything-iraq-analysis,1-Oct-07,"Loulouwa al-Rachid, an expert in Iraqi politics, discusses the surge of sectarian violence in Iraq."
Chinese media silent over Burma crisis,https://www.france24.com/en/20071001-chinese-media-silent-over-burma-crisis-burma-china,1-Oct-07,"While there's been little discussion of the Burmese crackdown in the Chinese press, bloggers outside the country condemns it."
Images of dead monk emerge,https://www.france24.com/en/20071001-images-dead-monk-emerge-burma-images,1-Oct-07,"As UN special envoy Ibrahim Gambari waits to meet the country’s leader, images smuggled out of the country appear to document the brutal crackdown on monks."
Rebels claim attack in Southeast,https://www.france24.com/en/20070930-rebels-claim-attack-southeast-burma-france-24-exclusive,30-Sep-07,"As the gov't moves troops toward protest-hit Rangoon, ethnic Karen rebels are stepping up their attacks."
Images of dead monk emerge,https://www.france24.com/en/20071001-images-dead-monk-emerge-burma-images,30-Sep-07,"As UN special envoy Ibrahim Gambari waits to meet the country’s leader, images smuggled out of the country appear to document the brutal crackdown on monks."
Repression imposes silence on southern Burma,https://www.france24.com/en/20070928-repression-imposes-silence-southern-burma-burma-france-24,28-Sep-07,"In Rangoon, the demonstrations continue and the repression hardens but elsewhere, the situation is different. So describes Cyril Payen, France 24 Correspondent, in a village in the south of the country."
Portrait: Aung San Suu Kyi,https://www.france24.com/en/20070928-portrait-aung-san-suu-kyi-burma,28-Sep-07,"A portrait of Aung San Suu Kyi ,the woman who has become an international symbol of heroic and peaceful resistance in Burma (Report: E. Boyer King)."
Portrait: Aung San Suu Kyi,https://www.france24.com/en/20070928-portrait-aung-san-suu-kyi-burma,27-Sep-07,"A portrait of Aung San Suu Kyi ,the woman who has become an international symbol of heroic and peaceful resistance in Burma (Report: E. Boyer King)."
Senior Buddhist monk calls for democratic Burma,https://www.france24.com/en/20070927-senior-buddhist-monk-calls-democratic-burma-france-24-exclusive,27-Sep-07,"France 24 talks to one of Burma's most famous monks, Rambo. He urges the monks to go on with their struggle(Report: Cyril Payen)"
UN Council authorises EU force for Chad,https://www.france24.com/en/20070925-un-council-authorises-eu-force-chad-united-nations-chad,25-Sep-07,The U.N. Security Council authorised on Tuesday a European Union peacekeeping force and U.N. police to help protect civilians suffering from the spillover violence from neighboring Darfur.
The army steps out into the streets,https://www.france24.com/en/20070926-army-steps-out-streets-burma-unrest,25-Sep-07,Troops and riot police took up positions outside at least six big activist monasteries in Rangoon on Wednesday as Burma's junta tried to prevent monks leading new protest marches against military rule.
The vulture funds,https://www.france24.com/en/20070924-vulture-funds-beyond-business,23-Sep-07,These funds are accused of making money by buying the debt of poor nations cheaply.
Tens of thousands flee Kivu region,https://www.france24.com/en/20070907-tens-thousands-flee-kivu-region-democratic-republic-congo,7-Sep-07,"Despite a UN-negociated ceasefire between the DRC army and renegade troops loyal to ex-general Laurent Nkunda on Sept. 6, 30.000 villagers fled the region of Saké. (Report : A.Zajtman)."
Concern over eastern Congo violence mounts,https://www.france24.com/en/20070901-concern-over-eastern-congo-violence-mounts-democratic-republic-congo,1-Sep-07,"After a recent round of heavy fighting in the region, a senior EU official urged greater cooperation between fractious neighbours Rwanda and the DRC."
FARC hostage families turn to Chavez,https://www.france24.com/en/20070821-farc-hostage-families-turn-chavez-colombia-venezuela,21-Aug-07,Relatives of Colombians kidnapped by Marxist guerrillas -- including French-Colombian politician Ingrid Betancourt's mother -- call on Venezuelan President Hugo Chavez to help break the hostage deadlock.
About bio-Piracy,https://www.france24.com/en/20070816-about-bio-piracy-bio-piracy,15-Aug-07,Developing nations are accuse multinational companies from the North of using plants without paying anything in return.
UN-African Union force in Darfur authorised,https://www.france24.com/en/20070731-un-african-union-force-darfur-authorised-un-darfur,31-Jul-07,The UN Security Council voted unanimously Tuesday to authorize the deployment of a joint African Union-UN force in Sudan's strife-torn Darfur region.
Gaza Strip residents flock to beaches,https://www.france24.com/en/20070706-gaza-strip-residents-flock-beaches-palestinian-territories,6-Jul-07,Palestinians in the Gaza Strip have been enjoying the sunshine by the beach. But those loyal to Fatah don't feel free to go out.
Gaza: Hamas in control,https://www.france24.com/en/20070706-gaza-hamas-control-palestinian-territories,6-Jul-07,"Hamas has scored points after the liberation of British journalist Alan Johnston. In the Gaza Strip, partisans of Hamas patrol the streets since they took control of the area."
International meet opens in Paris,https://www.france24.com/en/20070625-international-meet-opens-paris-darfur-paris-conference,25-Jun-07,High-level talks in Paris aim to bring together the countries involved in the Darfur conflict   to discuss a political solution and humanitarian issues.
Chad-Sudan: a fractious border,https://www.france24.com/en/20070625-chad-sudan-fractious-border-darfur,25-Jun-07,The border between Chad and Sudan streches more than 800 miles. The Sudanese and Chadian armies have engaged in a war of attrition. Special correspondents: Sophie Claudet and Virgine Herz.
Abu Shouk camp in El Fasher,https://www.france24.com/en/20070625-abu-shouk-camp-el-fasher-darfur-refugees,25-Jun-07,"In El Fasher 150 000 refugees have settled in the 3 largest camps of the region. The oldest camp, Abu Shouk, is where most of the Fur tribesmen have sought refuge. (Report: S.Claudet, V.Herz)"
The fight to keep the peace,https://www.france24.com/en/20070622-fight-keep-peace-darfur,22-Jun-07,"Over 200,000 people have been killed in the Darfur crisis. A force of 7,000 troops in an area the size of France, the African Union are struggling to keep the peace. Special correspondents: Sophie Claudet and Virginie Herz."
Darfur: Q&A,https://www.france24.com/en/20070609-darfur-qa-darfur-crisis,9-Jun-07,"FRANCE 24's Sophie Claudet and Virginie Herz are travelling to the Darfur region of Sudan to report on the conflict. If you have questions, send them in by clicking 'React.'"
FARC: hostage release still elusive,https://www.france24.com/en/20070609-farc-hostage-release-still-elusive-colombia-farc,9-Jun-07,"Colombian President Alvaro Uribe on Friday welcomes G8 support for his initiative to free hostages held by left-wing rebels, but a guerrilla leader released from prison to try to negotiate a deal warns that any agreement remains elusive."
A weapon of economic warfare ?,https://www.france24.com/en/20070609-weapon-economic-warfare-cinema,9-Jun-07,"The big screen has become a very efficient tool for strategic influence, with some countries undergoing US pressure to open up their markets to more American movies."
A weapon of economic warfare ?,https://www.france24.com/en/20070609-weapon-economic-warfare-cinema,8-Jun-07,"The big screen has become a very efficient tool for strategic influence, with some countries undergoing US pressure to open up their markets to more American movies."
FARC timeline,https://www.france24.com/en/20070607-farc-timeline-special-coverage,7-Jun-07,"Created in 1964, the FARC regularly takes hostages to fund its war against the state."
Rebels demand demilitarized zone,https://www.france24.com/en/20070605-rebels-demand-demilitarized-zone-colombia,5-Jun-07,"Hugo Chavez, who is acting as a mediator in Colombia's hostage crisis, said that leftist rebels insist that the Colombian government create a demilitarized zone for a prisoner swap."
Mass demo to demand hostages' release,https://www.france24.com/en/20070605-mass-demo-demand-hostages-release-colombia,5-Jun-07,Colombia came to a standstill earlier as hundreds of thousands massed on the streets to protest kidnappings by FARC guerrillas.
The dangers of cybercriminality,https://www.france24.com/en/20070521-dangers-cybercriminality-cybercriminality,20-May-07,Cybercriminality is increasing as it's becoming more lucrative. The FBI estimates that American companies alone lose more than 70 billion
Former rivals sworn in as self-rule revived,https://www.france24.com/en/20070509-former-rivals-sworn-self-rule-revived-northern-ireland,8-May-07,Former Protestant and Catholic rivals Ian Paisley and Martin McGuinness have been sworn in as Northern Ireland's first minister and deputy.
When forgers open supermarkets,https://www.france24.com/en/20070507-when-forgers-open-supermarkets-counterfeit,6-May-07,"Every year, luxury labels such as Dior, Louis Vuitton and Lacoste, say they lose billions of euros in sales to counterfeiters, a figure they maintain is on the increase. Here are some facts about this black market phenomenon."
French economic values,https://www.france24.com/en/20070421-french-economic-values-france,20-Apr-07,Where do French economic values fit in on the global level? The French are striving to sell their view on economic intelligence to the world.
Video games: Geopolitical strategy?,https://www.france24.com/en/20070409-video-games-geopolitical-strategy-computing,8-Apr-07,Is there such a thing as the geopolitics of video games? What issues hide behind gaming?
Tamil Tigers : racket in Paris,https://www.france24.com/en/20070406-tamil-tigers-racket-paris-,6-Apr-07,"As the Tamil Tigers’ fight for independence heats up again in the island nation of Sri Lanka, in Paris, Tamils who fled the fighting find they can never fully escape. (Report: N.Vij/ G.Martin)"
Castro publishes first editorial since surgery,https://www.france24.com/en/20070329-castro-publishes-first-editorial-surgery-cuba,29-Mar-07,"Ailing Cuban leader Fidel Castro has attacked the US over its plans to develop biofuels. In his first editorial since having surgery in July, Castro maintained that the US would deprive millions of nutrition."
Peace after decades of conflict,https://www.france24.com/en/20070312-peace-after-decades-conflict-northern-ireland,11-Mar-07,"Northern Ireland has faced decades of violence,leading to to the deaths of 3,600 people. A look back on this troubled period. (Report: N.Germain)"
Crunch time for self-rule,https://www.france24.com/en/20070308-crunch-time-self-rule-polls-close,7-Mar-07,FRANCE 24's Eve Irvine saw polls close in Belfast at 2200 GMT.
Voters go to the polls,https://www.france24.com/en/20070307-voters-go-polls-election-day,7-Mar-07,France 24's Eve Irvine reports as voting begins to elect a power-sharing administration.
Policing in Belfast,https://www.france24.com/en/20070307-policing-belfast-northern-ireland,7-Mar-07,"After Sinn Fein's recognition of the Police Service in January, the  service will be assigned a new name, new uniforms and 50 per cent of the force will comprise of Catholics. (Report: E.Irvine)"
More than just a political party,https://www.france24.com/en/20070306-more-just-political-party-sinn-fein,6-Mar-07,‘Shinners’ talk about what it means to join Northern Ireland’s leading republican party.
Touring a ‘no-go’ zone,https://www.france24.com/en/20070306-touring-%E2%80%98no-go%E2%80%99-zone-ex-prisoner,6-Mar-07,Former IRA prisoner Padraic Cotter gives tours of a West Belfast neighbourhood that was a no-go zone during ‘The Troubles.’
Changing face of Irish politics,https://www.france24.com/en/20070306-changing-face-irish-politics-immigration-politics,6-Mar-07,"Politics in Northern Ireland is no longer just a fight between republicans and unionists, as Chinese-born candidate Anna Lo can attest."
Election eve,https://www.france24.com/en/20070306-election-eve-live-belfast,6-Mar-07,FRANCE 24's Eve Irvine reports from Belfast on the night before of Northern Ireland's elections for a power-sharing assembly.
Policing in Belfast,https://www.france24.com/en/20070307-policing-belfast-northern-ireland,6-Mar-07,"After Sinn Fein's recognition of the Police Service in January, the  service will be assigned a new name, new uniforms and 50 per cent of the force will comprise of Catholics. (Report: E.Irvine)"
Election eve,https://www.france24.com/en/20070306-election-eve-live-belfast,5-Mar-07,FRANCE 24's Eve Irvine reports from Belfast on the night before of Northern Ireland's elections for a power-sharing assembly.
Sinn Fein: Unionists must join power-sharing,https://www.france24.com/en/20070302-sinn-fein-unionists-must-join-power-sharing-sharing-power,1-Mar-07,Sinn Fein maintained on Friday that unionists had no choice but to form power-sharing government. (Report: E. Irvine)
Tigers in Paris,https://www.france24.com/en/20070219-tigers-paris-france-24-special-report,19-Feb-07,"As the Tamil Tigers’ fight for independence heats up again in the island nation of Sri Lanka, on the other side of the world, in a bustling immigrant neighborhood in Paris, Tamils who fled the fighting find they can never fully escape."
Tigers in Paris,https://www.france24.com/en/20070212-tigers-paris-france-24-special-report,12-Feb-07,"As the Tamil Tigers’ fight for independence heats up again in the island nation of Sri Lanka, on the other side of the world, in a bustling immigrant neighborhood in Paris, Tamils who fled the fighting find they can never fully escape."
Senegal crashes out of Nations Cup,https://www.france24.com/en/20070131-senegal-crashes-out-nations-cup-2008-african-nations-cup,31-Jan-07,"Senegal and South Africa dropped out of the African Nations Cup after a disappointing 1-1 draw left both teams at the bottom of group D. Meanwhile, Tunisia and Angola move on to the quarter finals, where they will be taking on Cameroon and Egypt."
Ailing Castro appears on TV,https://www.france24.com/en/20070131-ailing-castro-appears-tv-cuba,31-Jan-07,"Emerging from months of seclusion, President Fidel Castro appeared on Cuban television Tuesday in apparent good spirits. Though many doubt that he is recovering, the images are said to have been filmed on Monday."
Boost for devolution after Sinn Fein vote,https://www.france24.com/en/20070129-boost-devolution-after-sinn-fein-vote-joint-policing,28-Jan-07,The Irish Republican party Sinn Fein has taken a historic decision in recognising the Police Service of Northern Ireland.
F1: what's all the hoo-ha?,https://www.france24.com/en/20070120-f1-whats-all-hoo-ha-formula-one-0,20-Jan-07,"Ridiculous speeds, petrol fumes, screaming engines… Formula One is the ultimate in guys' sports. But other than cars on a track, what's it really all about? James Mulholland tells us what keeps him glued to the screen."
F1: What's all the hoo-ha?,https://www.france24.com/en/20070120-f1-whats-all-hoo-ha-formula-one-1,20-Jan-07,"Ridiculous speeds, petrol fumes, screaming engines… Formula One is the ultimate in guys' sports. But other than cars on a track, what's it really all about? James Mulholland tells us what keeps him glued to the screen."
Europe angry with Russia in oil dispute,https://www.france24.com/en/20070109-europe-angry-with-russia-oil-dispute-russia-cuts-oil,9-Jan-07,The European Union has sharp criticism for Russia's stance in the oil row with Belarus.
Belarus and Russia find oil compromise,https://www.france24.com/en/20070110-belarus-russia-find-oil-compromise-oil-resources,9-Jan-07,"After a three-day deadlock, Russia and Belarus have found a solution to the row which had disrupted oil supplies to Europe."
Druzbha: Russia's 'friendship' pipeline to Europe,https://www.france24.com/en/20070110-druzbha-russias-friendship-pipeline-europe-pipeline,9-Jan-07,A look at the pipeline at the centre of the dispute over European oil supplies from Russia.
Russia and Belarus: friends who fell out,https://www.france24.com/en/20070110-russia-belarus-friends-who-fell-out-analysis,9-Jan-07,The energy trade dispute threatens a decade of negotiations between Belarus and Russia aimed at a joint state.
Europe angry with Russia in oil dispute,https://www.france24.com/en/20070109-europe-angry-with-russia-oil-dispute-russia-cuts-oil,8-Jan-07,The European Union has sharp criticism for Russia's stance in the oil row with Belarus.
